{
    "mean": [
        104.81414047619164,
        26.818857142857205,
        66.17576190476142,
        0.039285714285714285
    ],
    "scale": [
        24.58581417895637,
        3.1477856054196343,
        7.388794485118014,
        0.19427389669941136
    ],
    "var": [
        604.4622588421721,
        9.908554217687055,
        54.59428394331037,
        0.037742346938773555
    ]
}