{
    "mean": [
        4172.4725714285705
    ],
    "scale": [
        107.4907327923896
    ],
    "var": [
        11554.257636244898
    ]
}